[
	{
		"id": "PropsNCBIBlast",
		"properties": [
			{
				"name": "algorithm",
				"title": "Algorithm",
				"value": "NCBI Blast",
				"choices": [
					"NCBI Blast",
					"Smith-Waterman",
					"FASTA"
				],
				"toolTip": "Algorithm Family.",
				"rules": [
					{
						"value": "NCBI Blast",
						"activateSet": "PropsNCBIBlast"
					},
					{
						"value": "Smith-Waterman",
						"activateSet": "PropsSmithWaterman"
					},
					{
						"value": "FASTA",
						"activateSet": "PropsFASTA"
					}
				]
			},
			{
				"name": "expect",
				"title": "Expect",
				"value": "10.0",
				"choices": [
					"10.0",
					"1e-200",
					"1e-100",
					"1e-75",
					"1e-50",
					"1e-25",
					"0.0001",
					"0.01",
					"1.0",
					"10.0",
					"100.0",
					"1000.0"
				]
			},
			{
				"name": "gapping",
				"title": "Gapping",
				"value": "false",
				"type": 1,
				"toolTip": "Turn the 'Gapping' parameter on/off."
			},
			{
				"name": "alignments",
				"title": "# Alignments",
				"value": "250",
				"choices": [
					"0",
					"10",
					"50",
					"100",
					"250",
					"500",
					"1000",
					"1500",
					"2000"
				],
				"toolTip": "The number of alignments to report for each query sequence."
			},
			{
				"name": "descriptions",
				"title": "# Descriptions",
				"value": "250",
				"choices": [
					"0",
					"10",
					"50",
					"100",
					"250",
					"500",
					"1000",
					"1500",
					"2000"
				],
				"toolTip": "The number of descriptions (top-table) to report for each query sequence."
			},
			{
				"name": "Matrix",
				"title": "Matrix",
				"value": "default"
			},
			{
				"name": "LowComplexity",
				"title": "Low Complexity",
				"value": "default"
			},
			{
				"name": "Merge",
				"title": "Merge",
				"value": "false",
				"type": 1
			},
			{
				"name": "Autosubmit",
				"title": "Autosubmit",
				"value": "false",
				"type": 1
			},
			{
				"name": "Frequency",
				"title": "Frequency",
				"value": "Weekly",
				"choices": [
					"Manually",
					"Daily",
					"Weekly",
					"Monthly",
					"Event"
				]
			},
			{
				"name": "UseTblastx",
				"title": "Use Tblastx",
				"value": "false",
				"type": 1,
				"toolTip": "When DNA/DNA is selected, choose tblastx as the algorithm."
			}
		]
	},
	{
		"id": "PropsSmithWaterman",
		"properties": [
			{
				"name": "algorithm",
				"title": "Algorithm",
				"value": "Smith-Waterman",
				"choices": [
					"NCBI Blast",
					"Smith-Waterman",
					"FASTA"
				],
				"toolTip": "Select Algorithm Family",
				"type": 0,
				"rules": [
					{
						"value": "NCBI Blast",
						"activateSet": "PropsNCBIBlast"
					},
					{
						"value": "Smith-Waterman",
						"activateSet": "PropsSmithWaterman"
					},
					{
						"value": "FASTA",
						"activateSet": "PropsFASTA"
					}
				]
			},
			{
				"groupName": "Query Thresholds",
				"name": "expect",
				"title": "Expect",
				"value": "10.0",
				"choices": [
					"10.0",
					"1e-200",
					"1e-100",
					"1e-75",
					"1e-50",
					"1e-25",
					"0.0001",
					"0.01",
					"1.0",
					"10.0",
					"100.0",
					"1000.0"
				]
			},
			{
				"groupName": "Miscellaneous",
				"name": "gapping",
				"title": "Gapping",
				"value": "false",
				"type": 1,
				"toolTip": "Turn the 'Gapping' parameter on/off."
			},
			{
				"groupName": "Query Thresholds",
				"name": "alignments",
				"title": "# Alignments",
				"value": "250",
				"choices": [
					"0",
					"10",
					"50",
					"100",
					"250",
					"500",
					"1000",
					"1500",
					"2000"
				],
				"toolTip": "The number of alignments to report for each query sequence."
			},
			{
				"groupName": "Query Thresholds",
				"name": "descriptions",
				"title": "# Descriptions",
				"value": "250",
				"choices": [
					"0",
					"10",
					"50",
					"100",
					"250",
					"500",
					"1000",
					"1500",
					"2000"
				],
				"toolTip": "The number of descriptions (top-table) to report for each query sequence."
			},
			{
				"groupName": "Miscellaneous",
				"name": "Matrix",
				"title": "Matrix",
				"value": "default"
			},
			{
				"groupName": "Miscellaneous",
				"name": "LowComplexity",
				"title": "Low Complexity",
				"value": "default"
			},
			{
				"groupName": "Miscellaneous",
				"name": "Merge",
				"title": "Merge",
				"value": "false",
				"type": 1
			}
		]
	},
	{
		"id": "PropsFASTA",
		"properties": [
			{
				"name": "algorithm",
				"title": "Algorithm",
				"value": "FASTA",
				"choices": [
					"NCBI Blast",
					"Smith-Waterman",
					"FASTA"
				],
				"toolTip": "Select Algorithm Family",
				"type": 0,
				"rules": [
					{
						"value": "NCBI Blast",
						"activateSet": "PropsNCBIBlast"
					},
					{
						"value": "Smith-Waterman",
						"activateSet": "PropsSmithWaterman"
					},
					{
						"value": "FASTA",
						"activateSet": "PropsFASTA"
					}
				]
			},
			{
				"name": "expect",
				"title": "Expect",
				"value": "10.0",
				"choices": [
					"10.0",
					"1e-200",
					"1e-100",
					"1e-75",
					"1e-50",
					"1e-25",
					"0.0001",
					"0.01",
					"1.0",
					"10.0",
					"100.0",
					"1000.0"
				]
			},
			{
				"name": "gapping",
				"title": "Gapping",
				"value": "false",
				"type": 1,
				"toolTip": "Turn the 'Gapping' parameter on/off."
			},
			{
				"name": "Matrix",
				"title": "Matrix",
				"value": "default"
			},
			{
				"name": "LowComplexity",
				"title": "Low Complexity",
				"value": "default"
			},
			{
				"name": "Merge",
				"title": "Merge",
				"value": "false",
				"type": 1
			},
			{
				"name": "Autosubmit",
				"title": "Autosubmit",
				"value": "false",
				"type": 1
			},
			{
				"name": "Frequency",
				"title": "Frequency",
				"value": "Weekly",
				"choices": [
					"Manually",
					"Daily",
					"Weekly",
					"Monthly",
					"Event"
				]
			},
			{
				"name": "UseTblastx",
				"title": "Use Tblastx",
				"value": "false",
				"type": 1,
				"toolTip": "When DNA/DNA is selected, choose tblastx as the algorithm."
			}
		]
	}
]