{
  "$schema": "./node_modules/@angular/cli/lib/config/schema.json",
  "project": {
    "name": "skyf.ui.web"
  },
  "apps": [
    {
      "root": "src",
      "outDir": "dist",
      "assets": [
        "assets",
        "assets/images/blast-review-mocked.png",
        "favicon.ico",
        "../node_modules/@corteva-research/ngx-components-core/assets/fonts",
        "../node_modules/@corteva-research/ngx-components-core/assets/images",
        "web.config", {
			"glob": "**/*", "input": "../node_modules/skyf.ui.web.components/assets", "output": "./assets"
		}
      ],
      "index": "index.html",
      "main": "main.ts",
      "polyfills": "polyfills.ts",
      "test": "test.ts",
      "tsconfig": "tsconfig.app.json",
      "testTsconfig": "tsconfig.spec.json",
      "prefix": "app",
      "styles": [
        "../node_modules/@corteva-research/ngx-components-compat/assets/styles/compat-bootstrap-shim.scss",
        "../node_modules/@corteva-research/ngx-components-core/assets/styles/components-core.scss",
        "../node_modules/font-awesome/css/font-awesome.css",
		    "../node_modules/ag-grid-community/dist/styles/ag-grid.css",
        "../node_modules/ag-grid-community/dist/styles/ag-theme-material.css",
        "../node_modules/ag-grid-community/dist/styles/ag-theme-balham.css",
        "../node_modules/primeng/resources/primeng.min.css",
        "../node_modules/primeng/resources/themes/omega/theme.css",
        "../node_modules/primeicons/primeicons.css",
        "styles.css"
      ],
      "scripts": [
      ],
      "environmentSource": "environments/environment.ts",
      "environments": {
        "dev": "environments/environment.ts",
        "prod": "environments/environment.prod.ts"
      }
    }
  ],
  "e2e": {
    "protractor": {
      "config": "./protractor.conf.js"
    }
  },
  "lint": [
    {
      "project": "src/tsconfig.app.json",
      "exclude": "**/node_modules/**"
    },
    {
      "project": "src/tsconfig.spec.json",
      "exclude": "**/node_modules/**"
    },
    {
      "project": "e2e/tsconfig.e2e.json",
      "exclude": "**/node_modules/**"
    }
  ],
  "test": {
    "karma": {
      "config": "./karma.conf.js"
    }
  },
  "defaults": {
    "styleExt": "css",
    "component": {}
  },
  "architect": {
    "build": {
      "configurations": {
        "sourceMap": true
      }
    }
  }
}
